{
  "paper_params": {
    "alpha": 0.194,
    "C0": 5.064,
    "gamma": 2.953,
    "delta": 0.216,
    "lambda_norm": 0.119
  },
  "paper_dwarf_median": 2.046593376063536,
  "paper_all_median": 2.5156520366600597,
  "dwarf_optimized_params": {
    "alpha": 0.10199754730051924,
    "C0": 2.6835065122762156,
    "gamma": 0.7865535976709412,
    "delta": 1.3657450394195945,
    "lambda_norm": 1.3555432424872584
  },
  "optimized_dwarf_median": 2.046593376063536,
  "optimized_all_median": 2.5156520366600597,
  "n_dwarfs": 59,
  "dwarf_names": [
    "CamB",
    "D512-2",
    "D564-8",
    "D631-7",
    "DDO064",
    "DDO154",
    "DDO161",
    "DDO168",
    "DDO170",
    "ESO444-G084",
    "F561-1",
    "F563-V1",
    "F567-2",
    "F574-2",
    "F583-4",
    "IC2574",
    "KK98-251",
    "NGC1705",
    "NGC2366",
    "NGC3109",
    "NGC3741",
    "NGC4068",
    "NGC6789",
    "PGC51017",
    "UGC00731",
    "UGC00891",
    "UGC01281",
    "UGC02023",
    "UGC02455",
    "UGC04305",
    "UGC04483",
    "UGC04499",
    "UGC05414",
    "UGC05716",
    "UGC05750",
    "UGC05764",
    "UGC05829",
    "UGC05918",
    "UGC06628",
    "UGC06818",
    "UGC07089",
    "UGC07125",
    "UGC07151",
    "UGC07232",
    "UGC07261",
    "UGC07559",
    "UGC07577",
    "UGC07603",
    "UGC07608",
    "UGC07690",
    "UGC07866",
    "UGC08550",
    "UGC08837",
    "UGC09992",
    "UGC10310",
    "UGC12632",
    "UGCA281",
    "UGCA442",
    "UGCA444"
  ]
}