{
  "parameters": {
    "alpha": 0.194,
    "C0": 5.064,
    "gamma": 2.953,
    "delta": 0.216,
    "lambda_norm": 0.119
  },
  "statistics": {
    "n_galaxies": 175,
    "median_chi2": 2.5156520366600597,
    "mean_chi2": 13.141335424077573,
    "std_chi2": 60.46387094991526,
    "min_chi2": 0.02469169408959823,
    "max_chi2": 683.798934414263,
    "frac_below_0.5": 0.15428571428571428,
    "frac_below_1.0": 0.25142857142857145,
    "frac_below_1.5": 0.3485714285714286,
    "frac_below_2.0": 0.4228571428571429
  }
}