{
  "metadata": {
    "timestamp": "2025-06-20T08:52:55.507677",
    "theory": "Pure LNAL (zero free parameters)",
    "method": "Bayesian inference of baryon distribution"
  },
  "galaxies": {
    "NGC3198": {
      "chi2": 118148.43205947193,
      "chi2_reduced": 2747.6379548714403,
      "n_data": 43,
      "params_mean": [
        13.859560454825875,
        0.7656184407636181,
        9.54270077196295,
        2.4970020827239106,
        7.408064665887722,
        27.955729332667257
      ],
      "params_std": [
        1.403307376377173,
        0.44711186531214536,
        0.06987977253829106,
        0.7366822996965301,
        0.7896492340132449,
        13.271451548231148
      ],
      "acceptance_fraction": 0.40325
    },
    "NGC2403": {
      "chi2": 286182.371614608,
      "chi2_reduced": 3920.306460474082,
      "n_data": 73,
      "params_mean": [
        3.2378767362798078,
        0.7923170002848523,
        9.568036234603396,
        1.348087974226303,
        7.041237092410148,
        30.339246136174566
      ],
      "params_std": [
        0.33095596726117404,
        0.4451021204138148,
        0.013866652755910782,
        0.029385091960320173,
        0.6644403310202024,
        13.687501784647926
      ],
      "acceptance_fraction": 0.407625
    },
    "DDO154": {
      "chi2": 511090.31294467446,
      "chi2_reduced": 42590.859412056205,
      "n_data": 12,
      "params_mean": [
        3.684207189640511,
        0.7816368860568249,
        7.4295749057430065,
        0.5225384399340965,
        7.033952567606173,
        28.705126263109886
      ],
      "params_std": [
        0.36354841944304167,
        0.44013088287160673,
        0.12839177672520397,
        0.16484758821385523,
        0.7068792513965166,
        13.843360347867705
      ],
      "acceptance_fraction": 0.40318750000000003
    },
    "NGC6503": {
      "chi2": 150015.8850326401,
      "chi2_reduced": 4839.2220978271,
      "n_data": 31,
      "params_mean": [
        6.312419734218345,
        0.7569942732580086,
        9.895352589382929,
        1.2873767274097137,
        7.327458290431356,
        26.51041628848443
      ],
      "params_std": [
        0.6038737217320653,
        0.4628719588744204,
        0.025353460235681417,
        0.08643725674412624,
        0.7882517815224619,
        13.828027740422884
      ],
      "acceptance_fraction": 0.41428125
    }
  }
}