{
  "galaxy": "NGC3198_test",
  "timestamp": "2025-06-19T16:42:27.471702",
  "chi2_per_n": 1.0,
  "parameters": {
    "beta": -0.048632677916771824,
    "mu_0": 9670299435440.36,
    "lambda_c": 8.824399286085552e-28,
    "alpha_grad": 1500000.0,
    "rho_gap": 1e-24
  },
  "theory": {
    "phi": 1.618033988749895,
    "kappa": 0.9341723589627158,
    "beta_scale": 0.8726779962499651,
    "mu_scale": 1.3211192196391401,
    "coupling_scale": 1.1882855966334847
  }
}