{
  "metadata": {
    "timestamp": "2025-06-20T08:06:55.790616",
    "n_galaxies": 15,
    "theory": "LNAL-MOND",
    "parameters": [
      "a0_factor"
    ]
  },
  "global_statistics": {
    "mean_a0_factor": 0.6269387755102042,
    "std_a0_factor": 0.45813922031354665,
    "median_chi2_reduced": 20.79837288138833,
    "success_rate": 0.2
  },
  "galaxies": {
    "NGC2403": {
      "a0_factor": 0.5755102040816327,
      "chi2": 5766.103888098833,
      "chi2_reduced": 78.98772449450456,
      "v_obs_mean": 107.9972602739726,
      "v_model_mean": 122.61342654290162
    },
    "NGC3198": {
      "a0_factor": 0.3,
      "chi2": 1039.4967748125414,
      "chi2_reduced": 24.17434360029166,
      "v_obs_mean": 125.67209302325581,
      "v_model_mean": 141.7419796217417
    },
    "NGC6503": {
      "a0_factor": 0.4653061224489796,
      "chi2": 741.2798375140447,
      "chi2_reduced": 23.9122528230337,
      "v_obs_mean": 114.29032258064517,
      "v_model_mean": 111.86204501367392
    },
    "NGC2841": {
      "a0_factor": 1.953061224489796,
      "chi2": 2270.614358344216,
      "chi2_reduced": 45.41228716688432,
      "v_obs_mean": 301.42,
      "v_model_mean": 290.7080554786703
    },
    "NGC7814": {
      "a0_factor": 1.4571428571428573,
      "chi2": 135.8036281390116,
      "chi2_reduced": 7.544646007722867,
      "v_obs_mean": 224.61111111111111,
      "v_model_mean": 213.98452864589868
    },
    "NGC0891": {
      "a0_factor": 0.3,
      "chi2": 2454.2905254154057,
      "chi2_reduced": 136.3494736341892,
      "v_obs_mean": 219.44444444444443,
      "v_model_mean": 239.9609392529944
    },
    "NGC5055": {
      "a0_factor": 0.3,
      "chi2": 89980.9841152231,
      "chi2_reduced": 3213.606575543682,
      "v_obs_mean": 187.25,
      "v_model_mean": 203.60827373046584
    },
    "NGC3521": {
      "a0_factor": 0.3,
      "chi2": 711.954558624969,
      "chi2_reduced": 17.364745332316318,
      "v_obs_mean": 207.4390243902439,
      "v_model_mean": 224.8358016263409
    },
    "NGC7331": {
      "a0_factor": 0.3,
      "chi2": 817.4172600676001,
      "chi2_reduced": 22.70603500187778,
      "v_obs_mean": 241.86111111111111,
      "v_model_mean": 225.86959213191312
    },
    "NGC0300": {
      "a0_factor": 0.7408163265306122,
      "chi2": 37.0940365400659,
      "chi2_reduced": 1.483761461602636,
      "v_obs_mean": 80.664,
      "v_model_mean": 92.48454987488353
    },
    "DDO154": {
      "a0_factor": 0.7408163265306122,
      "chi2": 105.4770700446315,
      "chi2_reduced": 8.789755837052626,
      "v_obs_mean": 38.18333333333334,
      "v_model_mean": 42.65986486439399
    },
    "DDO168": {
      "a0_factor": 0.4653061224489796,
      "chi2": 95.96032186586177,
      "chi2_reduced": 9.596032186586177,
      "v_obs_mean": 41.46,
      "v_model_mean": 42.00967191012941
    },
    "UGC02885": {
      "a0_factor": 0.5204081632653061,
      "chi2": 395.1690847463783,
      "chi2_reduced": 20.79837288138833,
      "v_obs_mean": 285.8421052631579,
      "v_model_mean": 293.08593084499915
    },
    "UGC06399": {
      "a0_factor": 0.6306122448979592,
      "chi2": 2.1504794047439946,
      "chi2_reduced": 0.23894215608266606,
      "v_obs_mean": 68.75555555555556,
      "v_model_mean": 69.2302729991656
    },
    "UGC04499": {
      "a0_factor": 0.3551020408163265,
      "chi2": 5.070344837022167,
      "chi2_reduced": 0.5633716485580185,
      "v_obs_mean": 60.88888888888889,
      "v_model_mean": 60.171325253898495
    }
  }
}