{
  "description": "LNAL galaxy tuning results",
  "method": "Multi-component surface density optimization",
  "galaxies": [
    {
      "galaxy": "NGC3198",
      "params": [
        100000000.00000001,
        9.181631401759056,
        10000000.0,
        3.670981902368879,
        1000000.0,
        0.8285008709899391
      ],
      "chi2": 118118.58442965437,
      "chi2_reduced": 2746.9438239454503,
      "n_data": 43
    },
    {
      "galaxy": "NGC2403",
      "params": [
        100000000.00000001,
        9.999999999999998,
        10000000.0,
        7.317698369242465,
        1545414078.2330024,
        0.5656805898504023
      ],
      "chi2": 286580.14314886864,
      "chi2_reduced": 3925.7553856009404,
      "n_data": 73
    },
    {
      "galaxy": "NGC6503",
      "params": [
        100000000.00000001,
        9.999999999999998,
        10000000.0,
        9.975942422822339,
        1888468517.353222,
        0.3159461932634061
      ],
      "chi2": 150108.40442713365,
      "chi2_reduced": 4842.206594423666,
      "n_data": 31
    },
    {
      "galaxy": "DDO154",
      "params": [
        100000000.00000001,
        9.999999999999998,
        10000000.0,
        4.0389848786330615,
        1000000.0,
        1.9075201814458802
      ],
      "chi2": 511057.86275545496,
      "chi2_reduced": 42588.15522962125,
      "n_data": 12
    }
  ]
}