,median_chi2,mean_chi2,std_chi2,mean_residual,std_residual,n_good_fits,n_total
standard,57.220015705394864,258.2555199209452,709.08639548605,35.75879814508997,53.64626855822689,8.0,171.0
overhead,62.704134323326684,276.9931931954707,759.786030647552,35.09261913911643,53.1084678867079,8.0,171.0
screening,251.04557795109935,945.814313333373,1925.0710661723072,399.6641617992106,427.26802006923884,0.0,171.0
recognition,54.15114230040273,239.67703220807257,659.6734875913273,35.07478941118698,53.39395628902041,8.0,171.0
xi_screening,57.72829963673404,257.43086310765995,707.6436254958102,35.42066860847885,53.512653734168694,8.0,171.0
